bin, x_center, entries, mean, rms
1,0,0,0,0
2,1,0,0,0
3,2,0,0,0
4,3,111,-0.361937,0.483133
5,4,110,-0.242636,0.525267
6,5,87,-0.161322,0.531121
7,6,118,-0.151271,0.559558
8,7,108,-0.209537,0.555935
9,8,120,-0.0760833,0.57255
10,9,97,-0.0622165,0.532045
11,10,81,0.0695679,0.52499
12,11,5013,0.221553,0.284827
13,12,0,0,0
