bin, x_center, entries, mean, rms
1,0,0,0,0
2,1,0,0,0
3,2,0,0,0
4,3,97,0.0468557,0.427566
5,4,102,0.15,0.310081
6,5,88,0.183636,0.357037
7,6,104,0.209038,0.319563
8,7,75,0.250467,0.330048
9,8,77,0.247597,0.337383
10,9,57,0.215,0.271216
11,10,57,0.258684,0.322521
12,11,4711,0.208795,0.269657
13,12,0,0,0
